{"Name": "AudioVideoMediaCabinets_O2aa1b676c894_lod0", "Source": "B07QB8DQ45", "Timestamp": 1595342818, "BoundingBox": {"MinPoint": {"x": -0.9021557569503784, "y": -0.21918542683124542, "z": 7.65418226365e-05}, "MaxPoint": {"x": 0.901782751083374, "y": 0.18608051538467407, "z": 0.7869987487792969}}, "Type": "audio-video-media-cabinets", "Category": "audio-video-media-cabinets", "Width": 1.8039385080337524, "Length": 0.4052659422159195, "Orientation": 4.71238898038469}