{"Name": "StorageBenches_O467899d066b8_lod0", "Source": "B075QFCZ1Z", "Timestamp": 1594397680, "BoundingBox": {"MinPoint": {"x": -0.7416847944259644, "y": -0.23572032153606415, "z": -4.447333878943027e-08}, "MaxPoint": {"x": 0.7417055368423462, "y": 0.23561228811740875, "z": 0.4470624029636383}}, "Type": "storage-benches", "Category": "storage-benches", "Width": 1.4833903312683105, "Length": 0.4713326096534729, "Orientation": 4.71238898038469}