{"Name": "Dressers_O871c82bd32ee_lod0", "Source": "B071SHBTM5", "Timestamp": 1595342022, "BoundingBox": {"MinPoint": {"x": -0.48213690519332886, "y": -0.2581145167350769, "z": -2.4541275678302554e-08}, "MaxPoint": {"x": 0.482163667678833, "y": 0.2581143379211426, "z": 1.3204988241195679}}, "Type": "dressers", "Category": "dressers", "Width": 0.9643005728721619, "Length": 0.5162288546562195, "Orientation": 4.71238898038469}