{"Name": "Sofas_O6bd3c99ebbf0_lod0", "Source": "B07HZ6BJVN", "Timestamp": 1594393769, "BoundingBox": {"MinPoint": {"x": -1.0069372653961182, "y": -0.49246248602867126, "z": 5.844667327892239e-08}, "MaxPoint": {"x": 1.0158045291900635, "y": 0.5091632008552551, "z": 0.9578167200088501}}, "Type": "sofas", "Category": "sofas", "Width": 2.0227417945861816, "Length": 1.0016256868839264, "Orientation": 4.71238898038469}